id;eye_color;hair_color;visible_marks;profession;place_of_birth;image;image_content_type
1;BLACK;RED;salmon Alaska;Corporate navigate generating;Refined Stream;../fake-data/blob/hipster.png;image/png
2;BLACK;BROWN;bypass withdrawal;convergence Regional Response;Customizable;../fake-data/blob/hipster.png;image/png
3;BLACK;BROWN;Rustic Regional;even-keeled Organized;generating local;../fake-data/blob/hipster.png;image/png
4;BLACK;BROWN;bleeding-edge;bypass;Cotton copy Fully-configurable;../fake-data/blob/hipster.png;image/png
5;BROWN;WHITE;definition;Steel incentivize;Garden;../fake-data/blob/hipster.png;image/png
6;BLACK;BROWN;application Kwacha online;Cotton expedite Peso;Forks Mississippi Object-based;../fake-data/blob/hipster.png;image/png
7;BROWN;RED;Cove;South 24/365;Buckinghamshire encryption;../fake-data/blob/hipster.png;image/png
8;BLUE;RED;Vermont Ergonomic compressing;haptic Andorra;Wooden ivory;../fake-data/blob/hipster.png;image/png
9;BLUE;BROWN;optical;Front-line Jewelery;harness indigo;../fake-data/blob/hipster.png;image/png
10;BLUE;BLACK;Metrics THX Oregon;Somoni blue Fresh;methodologies Ways Accountability;../fake-data/blob/hipster.png;image/png
